customer_id,transaction_id_nunique,transaction_amount_sum,transaction_amount_mean,transaction_amount_max,transaction_amount_min,item_category_nunique,anomaly_iso_txn,anomaly_svm_txn
0015b811,6,284.99,47.498333333333335,65.01,35.12,3,1,1
001b5c26,11,332.27,30.206363636363633,63.46,15.0,5,1,1
001f14f4,12,234.85999999999999,19.571666666666665,28.49,5.0,6,1,1
005a41ae,17,1077.43,63.37823529411765,100.56,10.28,7,-1,1
00a855a2,9,165.99,18.443333333333335,23.46,12.56,5,1,1
00ce6209,7,282.44,40.348571428571425,57.65,22.39,5,1,1
00da5470,8,121.06,15.1325,27.6,10.46,4,1,1
0108e7c6,2,350.74,175.37,187.62,163.12,1,-1,-1
016844a1,11,815.53,74.13909090909091,114.72,38.71,6,1,1
017f0adf,12,506.3,42.19166666666667,71.77,8.87,7,1,1
01da2580,7,87.9,12.557142857142859,16.06,7.47,6,1,1
020158dd,12,1149.3799999999999,95.78166666666665,194.48,38.9,6,-1,-1
0233ca10,7,350.3,50.042857142857144,79.89,29.58,5,1,1
0234639b,9,132.34,14.704444444444444,22.06,7.22,5,1,1
024aa3de,10,465.85,46.585,74.96,34.25,4,1,1
0250db30,11,381.67,34.697272727272725,48.22,14.21,6,1,1
02a121df,11,762.14,69.28545454545454,92.96,48.64,5,1,1
02afd91d,6,338.97,56.495000000000005,81.72,39.4,5,1,1
0366cd0b,11,138.62,12.601818181818182,21.77,7.81,6,1,1
03f28c21,7,312.87,44.69571428571429,66.61,32.14,4,1,1
044378fc,9,144.66,16.073333333333334,23.31,8.59,5,1,1
044ba4b8,7,144.17000000000002,20.595714285714287,32.14,5.0,6,1,1
04605ed5,10,392.83,39.283,48.38,25.5,6,1,1
047ed9f3,14,2026.65,144.7607142857143,223.97,61.73,5,-1,-1
04f98a7a,11,583.25,53.02272727272727,70.62,41.7,6,1,1
0525dfbf,6,137.42,22.903333333333332,30.36,15.18,4,1,1
0556baa4,14,234.77,16.769285714285715,28.85,5.0,7,1,1
055d291b,12,244.9,20.408333333333335,35.41,5.0,5,1,1
056c1016,8,409.86,51.2325,92.57,18.5,4,1,1
06ca7af6,10,275.18,27.518,43.22,8.45,5,1,1
06f243a1,16,251.53,15.720625,23.0,9.47,6,1,1
0717420a,9,282.7,31.41111111111111,49.81,16.88,6,1,1
073ff141,8,600.9,75.1125,122.2,27.28,5,1,1
07506235,7,492.04999999999995,70.29285714285713,100.21,22.24,5,1,1
07742ef7,12,474.58000000000004,39.54833333333334,89.73,6.71,7,1,1
07a7c7e9,7,474.02,67.71714285714286,119.63,36.6,4,1,1
07c308c3,8,660.6500000000001,82.58125000000001,131.74,41.53,4,1,1
089175a9,11,273.61,24.873636363636365,36.99,13.3,5,1,1
08af8d67,9,329.57,36.61888888888889,50.63,22.97,6,1,1
08d611ef,12,340.39,28.36583333333333,39.05,11.2,6,1,1
0909bb84,8,109.37,13.67125,22.26,5.77,5,1,1
09586ec6,15,741.07,49.40466666666667,79.18,12.46,7,1,1
095c5a16,10,127.46000000000001,12.746,17.41,6.31,5,1,1
096d4009,14,258.25,18.446428571428573,26.05,6.91,6,1,1
09da96a7,7,337.08,48.15428571428571,66.29,30.77,5,1,1
09e8dd3a,7,70.85,10.12142857142857,18.43,5.0,5,1,1
0a105743,13,200.99,15.460769230769232,24.64,8.62,5,1,1
0a231e56,7,144.04,20.577142857142857,25.19,13.49,5,1,1
0a415895,9,758.9300000000001,84.32555555555557,110.66,64.54,5,1,1
0a78a2b8,11,1002.71,91.15545454545455,139.89,53.38,6,1,1
0aa88646,8,123.69,15.46125,23.57,8.36,4,1,1
0bba0348,6,82.61,13.768333333333333,17.85,5.0,4,1,1
0bd13749,9,153.5,17.055555555555557,25.21,11.78,4,1,1
0c1d9fc3,8,336.83,42.10375,66.39,14.04,5,1,1
0c84b273,8,368.43,46.05375,81.85,8.58,5,1,1
0d9f9ef5,13,362.54,27.88769230769231,44.34,10.92,6,1,1
0da3e2f3,14,757.88,54.13428571428572,90.66,35.52,7,1,1
0e2ced04,7,113.31,16.187142857142856,23.78,11.51,4,1,1
0f9fea28,15,257.33,17.15533333333333,23.31,7.51,6,1,1
0fa21e16,7,126.15,18.021428571428572,25.04,14.41,4,1,1
10168fa6,8,230.07,28.75875,35.44,17.38,5,1,1
1046c1d0,12,684.74,57.06166666666667,72.38,34.12,5,1,1
107a1519,11,918.61,83.51,139.68,40.01,7,1,1
10884981,10,351.9,35.19,74.55,19.76,5,1,1
10f707da,8,121.91,15.23875,19.03,10.5,5,1,1
10fb794e,10,137.98,13.797999999999998,22.04,5.51,5,1,1
11832aa2,10,373.23,37.323,45.92,11.06,6,1,1
11a88d74,18,659.26,36.62555555555556,55.28,21.93,4,1,-1
1217c4ff,9,294.6,32.733333333333334,40.62,24.42,5,1,1
121c3d6f,12,354.96000000000004,29.580000000000002,40.31,9.93,4,1,1
128874d6,12,1017.82,84.81833333333334,116.52,38.83,6,1,1
12ef1a34,12,363.44,30.286666666666665,43.2,15.52,5,1,1
130e5a79,12,160.52,13.376666666666667,20.41,6.67,6,1,1
137f7f9d,10,774.03,77.40299999999999,129.06,49.84,6,1,1
13cfaabf,7,380.26,54.32285714285714,73.93,29.26,5,1,1
145e335d,13,198.38,15.26,25.16,7.61,7,1,1
1461e635,9,130.81,14.534444444444444,19.42,5.74,5,1,1
14a90d35,13,292.5,22.5,33.36,11.36,7,1,1
14bfc588,10,250.82,25.082,38.16,16.24,6,1,1
14e3e582,7,749.11,107.01571428571428,160.64,74.01,5,-1,-1
14f440b0,6,81.52000000000001,13.586666666666668,22.86,9.49,4,1,1
1526d149,7,183.44,26.205714285714286,30.78,19.62,5,1,1
15381d05,6,90.19,15.031666666666666,18.78,9.53,4,1,1
166c1938,14,492.25,35.160714285714285,54.26,21.42,6,1,1
166fd4c2,7,374.78000000000003,53.540000000000006,69.01,26.65,5,1,1
167622fb,16,979.84,61.24,92.69,22.47,6,1,1
167c3478,8,421.72,52.715,77.26,28.26,5,1,1
16b6792b,10,118.26,11.826,17.51,5.0,5,1,1
1715426f,3,39.379999999999995,13.126666666666665,19.38,8.62,3,1,-1
175c4d1a,15,246.2,16.413333333333334,21.65,6.47,7,1,1
177ac3f6,4,220.0,55.0,87.52,5.0,4,1,-1
17d95411,10,737.08,73.708,117.88,36.58,4,1,1
17ef18cb,10,335.99,33.599000000000004,46.53,12.18,5,1,1
183c93d7,14,416.67,29.76214285714286,51.33,12.32,7,1,1
1859170e,9,125.71000000000001,13.967777777777778,19.85,8.47,4,1,1
1869caac,8,230.15,28.76875,41.3,5.0,4,1,1
1886c0b1,5,428.27,85.654,112.83,58.67,4,1,1
18a1462b,9,660.27,73.36333333333333,103.56,32.11,6,1,1
18a85263,7,267.14,38.16285714285714,52.8,10.29,5,1,1
18b83294,11,475.59000000000003,43.23545454545455,72.87,24.51,6,1,1
18fec8ab,14,910.24,65.01714285714286,104.27,16.17,6,1,1
192dadb1,7,409.1,58.44285714285714,84.2,35.46,6,1,1
1a25806b,9,133.69,14.854444444444445,20.48,8.39,5,1,1
1a2d1a1e,4,61.53,15.3825,17.14,14.21,4,1,1
1a30fed6,9,356.37,39.596666666666664,60.82,23.78,4,1,1
1a3faa13,12,271.34,22.611666666666665,35.11,12.76,5,1,1
1a7f753e,13,666.55,51.27307692307692,87.54,11.52,5,1,1
1aaccc69,9,151.97,16.885555555555555,22.84,8.32,5,1,1
1b4e83f6,14,1196.17,85.4407142857143,145.22,20.48,5,-1,1
1c3f4861,4,51.260000000000005,12.815000000000001,16.71,5.64,4,1,-1
1c488259,8,114.29,14.28625,21.41,6.98,4,1,1
1c4a40f3,9,230.10000000000002,25.56666666666667,32.21,21.38,5,1,1
1c7711a3,14,176.81,12.629285714285714,22.27,5.0,7,1,1
1cd2459a,5,177.82,35.564,63.59,22.73,3,1,1
1ce00d75,9,369.7,41.077777777777776,67.9,22.25,5,1,1
1d2750bd,10,150.11,15.011000000000001,22.5,6.37,6,1,1
1d761f61,4,104.95,26.2375,35.17,18.88,2,1,1
1dc5ade4,8,275.73,34.46625,47.28,20.89,6,1,1
1dcc9643,11,507.51,46.13727272727272,65.7,22.93,6,1,1
1dced707,6,201.31,33.55166666666667,52.87,9.61,4,1,1
1e51cbd6,15,579.24,38.616,70.04,16.15,4,1,1
1e67f66b,11,633.47,57.58818181818182,107.72,24.56,7,1,1
1f72b473,15,1428.06,95.204,145.51,48.79,6,-1,1
1fc6e17c,15,429.33,28.622,49.69,5.0,6,1,1
1fe5306c,7,105.5,15.071428571428571,20.64,9.08,5,1,1
1fff06b9,9,473.11,52.56777777777778,76.98,22.48,5,1,1
20100a96,6,329.22,54.870000000000005,77.03,21.85,4,1,1
202c1022,9,296.73,32.97,45.67,13.07,7,1,1
20ec660c,10,611.38,61.138,112.07,47.57,4,1,1
210ee93a,11,624.25,56.75,108.69,20.29,5,1,1
212a07a7,14,219.5,15.678571428571429,22.54,9.27,6,1,1
2140c997,10,124.68,12.468,19.19,5.0,6,1,1
21bc4997,9,220.67,24.51888888888889,36.02,14.22,7,1,1
21d9ac85,10,305.71,30.570999999999998,54.9,9.11,6,1,1
21fcc853,11,650.47,59.13363636363636,105.18,23.26,7,1,1
224849eb,9,640.24,71.13777777777779,100.68,46.98,6,1,1
22560acf,6,97.44,16.24,26.43,5.0,5,1,1
225c20d4,6,485.46,80.91,144.37,24.82,5,1,1
23165a5e,10,312.88,31.288,43.25,20.09,5,1,1
23712884,7,192.06,27.437142857142856,41.21,12.38,4,1,1
23a42a9e,11,155.15,14.104545454545455,20.28,7.68,6,1,1
240f16d9,8,635.95,79.49375,134.48,28.47,6,1,1
241b0eea,7,561.46,80.20857142857143,127.66,35.24,5,1,1
24417fa9,9,298.23,33.13666666666667,52.22,21.36,5,1,1
24918d36,11,1037.8799999999999,94.35272727272726,137.22,42.88,6,1,1
249dd12c,11,177.17000000000002,16.10636363636364,20.69,7.0,5,1,1
258df59b,13,653.8,50.29230769230769,92.95,20.64,6,1,1
25c808d6,6,96.38,16.063333333333333,24.67,6.68,4,1,1
25f1b9b0,6,84.97,14.161666666666667,17.93,6.25,4,1,1
261e7173,13,193.74,14.903076923076924,23.22,8.41,5,1,1
263ebab1,8,118.29,14.78625,23.01,8.66,3,1,1
26871545,5,153.84,30.768,45.75,19.0,5,1,1
270b7d30,9,594.94,66.10444444444445,81.33,46.86,6,1,1
271b216d,11,285.19,25.926363636363636,37.97,15.07,5,1,1
27cc5ee5,12,698.46,58.205000000000005,66.92,47.2,4,1,1
2806fdab,10,422.49,42.249,70.92,23.8,5,1,1
2813271b,11,821.27,74.66090909090909,95.69,43.32,5,1,1
2833a9df,13,318.29,24.483846153846155,38.37,9.41,6,1,1
28528260,10,817.84,81.784,120.49,27.95,5,1,1
2878dcaa,7,104.28,14.897142857142857,20.6,8.74,6,1,1
2893b6c2,9,336.87,37.43,50.01,14.03,5,1,1
28a9a963,6,69.5,11.583333333333334,18.89,5.0,5,1,1
28e86d26,13,226.88,17.45230769230769,21.7,13.11,5,1,1
2923e361,15,1278.79,85.25266666666667,117.13,56.05,6,-1,1
299845f5,13,192.54,14.81076923076923,21.02,5.0,6,1,1
29a7f804,9,224.45,24.938888888888886,37.03,13.66,5,1,1
29be1d63,11,622.8000000000001,56.618181818181824,75.0,38.53,4,1,1
29d54a66,12,710.8,59.23333333333333,115.45,29.2,5,1,1
29db4b5e,9,141.15,15.683333333333334,22.02,11.4,4,1,1
2a1511a6,12,463.15999999999997,38.596666666666664,59.82,17.0,6,1,1
2abd74ec,8,569.62,71.2025,124.12,28.46,4,1,1
2b1bab75,4,170.1,42.525,46.54,36.74,3,1,1
2b46a5f8,10,187.41,18.741,30.85,8.95,5,1,1
2b9f1cf4,13,189.39000000000001,14.56846153846154,24.21,5.0,6,1,1
2bb6f5cc,11,905.88,82.35272727272728,117.3,16.95,6,1,1
2bdbe741,12,344.7,28.724999999999998,41.75,14.83,5,1,1
2c4853f1,13,395.40999999999997,30.416153846153843,49.96,17.67,7,1,1
2c58d413,8,129.27,16.15875,25.58,10.66,6,1,1
2c970e52,14,206.19,14.727857142857143,22.04,8.05,7,1,1
2ca91b82,10,140.99,14.099,20.89,7.4,4,1,1
2ca9fb30,21,1517.43,72.25857142857143,114.89,26.13,6,-1,-1
2cd6d119,14,1175.09,83.93499999999999,147.18,43.06,5,1,1
2d07a5be,7,331.65,47.378571428571426,76.11,12.33,5,1,1
2eb599da,8,147.01,18.37625,28.98,9.89,5,1,1
2f911ac6,9,552.54,61.39333333333333,95.1,31.03,5,1,1
2fca2760,6,196.79,32.79833333333333,65.12,16.21,4,1,1
2fdcb8f2,5,87.22,17.444,25.4,12.49,4,1,1
2ff1f848,11,154.60999999999999,14.055454545454545,23.11,8.36,6,1,1
300eaa19,5,176.07999999999998,35.215999999999994,48.92,18.83,3,1,1
305bbbea,8,171.42,21.4275,36.58,9.11,5,1,1
305d0f22,7,217.81,31.115714285714287,46.3,22.47,6,1,1
3063461e,7,396.05,56.57857142857143,84.77,18.06,4,1,1
30df2da8,10,449.62,44.962,79.36,18.07,7,1,1
30ef2aa3,8,189.82999999999998,23.728749999999998,28.81,12.57,4,1,1
310bb930,10,810.0999999999999,81.00999999999999,99.89,61.97,5,1,1
310cc5e3,11,458.47,41.67909090909091,59.42,28.01,6,1,1
312be7fc,11,182.06,16.55090909090909,22.84,9.49,3,1,-1
3180be32,14,219.73999999999998,15.695714285714285,23.47,5.0,6,1,1
31893341,12,477.84000000000003,39.82,62.15,13.34,5,1,1
31bbd769,11,204.81,18.61909090909091,24.16,12.62,7,1,1
31e301b4,12,494.03,41.16916666666666,71.08,8.92,5,1,1
3216e3a6,9,891.28,99.0311111111111,159.26,40.81,3,-1,-1
3267775a,12,681.47,56.78916666666667,95.81,32.46,4,1,1
32d5bf8f,11,161.76,14.705454545454545,27.13,8.38,6,1,1
32dfd2c4,13,1040.39,80.03,126.85,41.27,7,1,1
32f419e4,16,271.68,16.98,24.97,6.91,6,1,1
32fab673,9,236.48,26.275555555555556,41.38,8.56,5,1,1
33020bae,12,761.23,63.435833333333335,99.26,20.3,7,1,1
3311e5d2,14,226.51,16.179285714285715,22.96,7.02,6,1,1
338e2f4d,8,288.59000000000003,36.073750000000004,48.07,19.14,5,1,1
33be1de8,10,667.8000000000001,66.78,128.3,13.76,6,1,1
33c7ce32,11,177.78,16.16181818181818,24.04,6.57,7,1,1
34049b70,10,700.43,70.04299999999999,133.82,22.04,5,1,1
34587443,6,87.88,14.646666666666667,22.79,8.86,5,1,1
347528f9,12,165.46,13.788333333333334,19.92,5.02,5,1,1
34e1d30d,12,189.5,15.791666666666666,22.55,7.13,7,1,1
350f26ae,7,97.78,13.968571428571428,21.89,5.0,5,1,1
354a0d0e,5,98.24000000000001,19.648000000000003,24.17,16.94,4,1,1
355137de,5,241.44,48.288,62.58,30.71,3,1,1
359b32de,4,157.62,39.405,48.38,34.43,3,1,1
35a75eac,12,191.11,15.925833333333335,28.92,5.0,6,1,1
35cead6a,6,114.72,19.12,29.46,10.56,5,1,1
3741a8b4,11,168.25,15.295454545454545,26.78,7.33,4,1,1
3774b3b0,8,115.87,14.48375,20.93,9.49,6,1,1
38dae4ff,11,838.3,76.2090909090909,118.13,35.78,6,1,1
39275624,8,118.11,14.76375,20.79,8.48,5,1,1
39618324,14,226.48,16.177142857142858,24.25,8.22,5,1,1
39655a85,9,546.55,60.727777777777774,81.08,38.1,5,1,1
397d1ed5,8,285.69,35.71125,48.48,24.04,4,1,1
398e5cd3,6,64.85,10.808333333333332,15.8,5.0,4,1,1
39a24893,14,559.02,39.93,52.53,31.04,6,1,1
3a0c002b,5,255.25,51.05,60.36,35.32,3,1,1
3a2e65e8,10,250.73000000000002,25.073,41.06,14.11,4,1,1
3a777e1c,5,199.85,39.97,53.83,23.54,3,1,1
3adc26dd,8,185.20000000000002,23.150000000000002,32.63,14.74,5,1,1
3b480550,10,485.12,48.512,81.73,5.0,7,1,-1
3bdccd12,12,140.61,11.717500000000001,17.95,5.0,5,1,1
3bf50a63,10,151.35,15.135,27.42,5.0,5,1,1
3c3e1348,9,136.54,15.17111111111111,19.88,9.82,6,1,1
3c771227,5,66.53,13.306000000000001,17.78,5.91,3,1,1
3d31dac3,9,394.73,43.85888888888889,69.31,16.2,7,1,1
3d3affdc,14,283.96,20.282857142857143,27.19,9.65,6,1,1
3dbdd0a8,5,319.75,63.95,81.85,38.16,5,1,1
3dc3024c,6,123.36,20.56,31.91,10.41,5,1,1
3e55041c,8,128.57999999999998,16.072499999999998,19.6,12.6,5,1,1
3eb337f9,13,191.04,14.695384615384615,19.96,10.52,5,1,1
3ebc212c,12,226.38,18.865,32.84,7.46,7,1,1
3f7b9966,11,173.54999999999998,15.777272727272726,22.58,7.53,5,1,1
4029276c,10,412.88,41.288,64.33,18.18,5,1,1
40562e4d,7,294.82,42.11714285714286,59.1,32.1,5,1,1
40a5a780,10,898.04,89.804,155.3,54.84,4,-1,1
4123fd26,15,241.17,16.078,25.54,7.8,7,1,1
4136e257,7,151.96,21.708571428571428,32.56,6.86,4,1,1
4199f63b,6,234.63,39.105,55.73,18.82,4,1,1
42d4499e,7,360.25,51.464285714285715,70.66,29.87,5,1,1
42fae280,10,134.85,13.485,19.73,7.8,5,1,1
4317d472,10,217.84,21.784,28.78,14.13,4,1,1
432aba84,7,86.93,12.418571428571429,21.87,5.0,5,1,1
435aeb9c,7,230.17,32.88142857142857,49.15,5.0,4,1,1
435cb663,10,144.82999999999998,14.482999999999999,22.23,6.26,6,1,1
436de3a2,11,145.95,13.268181818181818,19.12,7.29,6,1,1
437293ef,11,702.13,63.83,114.22,22.77,6,1,1
438acf94,12,416.56,34.71333333333333,53.65,14.78,5,1,1
446b70d7,7,156.66,22.38,30.56,11.95,4,1,1
448aa434,19,1069.85,56.3078947368421,84.24,35.79,7,-1,-1
44c8daea,6,645.51,107.585,135.26,57.78,4,-1,1
452c7cb5,10,173.33,17.333000000000002,23.0,10.14,6,1,1
455ae2a1,5,72.81,14.562000000000001,20.24,8.68,4,1,1
4580f9dc,13,206.64,15.895384615384614,22.46,5.16,7,1,1
45d9748f,8,115.53,14.44125,22.72,8.44,4,1,1
46465a49,10,391.0,39.1,68.91,18.67,5,1,1
46665f91,12,211.29,17.607499999999998,24.52,9.28,5,1,1
46668552,11,247.98,22.543636363636363,34.81,13.58,7,1,1
468a1346,8,265.62,33.2025,50.48,18.48,4,1,1
481763b7,13,317.85,24.450000000000003,38.52,5.0,5,1,1
487a9ed2,6,79.88000000000001,13.313333333333334,28.17,5.0,5,1,1
487ce642,10,642.09,64.209,98.98,36.5,5,1,1
4890502e,8,512.02,64.0025,83.04,35.05,4,1,1
48a99d99,15,475.94,31.729333333333333,44.94,18.31,6,1,1
48ad0477,9,453.46,50.38444444444444,81.45,18.1,6,1,1
48f8afbd,9,670.53,74.50333333333333,122.37,49.99,5,1,1
48fbb809,14,423.93,30.280714285714286,52.6,16.32,6,1,1
4921c51e,8,163.21,20.40125,30.43,9.23,5,1,1
499f2c67,15,228.82,15.254666666666667,25.49,6.75,6,1,1
49bda094,10,548.44,54.84400000000001,96.67,38.04,4,1,1
4a135bab,10,873.21,87.321,125.84,65.55,6,1,1
4a165bcc,14,193.73,13.837857142857143,20.92,8.62,5,1,1
4a2e4eda,13,232.44,17.88,24.87,10.73,6,1,1
4a499c7b,10,137.44,13.744,21.84,7.29,7,1,1
4a71a294,9,335.86,37.31777777777778,62.17,26.19,7,1,1
4ac463c8,10,473.36,47.336,66.05,32.11,7,1,1
4ad10622,13,379.84,29.218461538461536,46.53,15.25,6,1,1
4b0f3b21,12,168.34,14.028333333333334,22.99,5.56,6,1,1
4b3482bd,10,139.16,13.916,21.41,5.0,4,1,1
4b35f214,11,730.26,66.38727272727273,88.81,42.56,6,1,1
4b9024d2,6,89.91,14.985,23.31,5.0,5,1,1
4c212e79,13,220.68,16.975384615384616,28.32,6.89,5,1,1
4ccedd3a,8,427.17,53.39625,92.09,13.24,5,1,1
4cddffde,16,608.0,38.0,57.97,12.75,6,1,1
4ce16d9a,10,334.63,33.463,51.64,18.21,6,1,1
4cfedfa2,7,217.69,31.09857142857143,41.2,21.1,4,1,1
4d49cfbb,8,636.87,79.60875,145.34,45.02,5,1,1
4d6ec1d2,15,198.8,13.253333333333334,25.1,6.97,7,1,1
4de484fc,15,760.4399999999999,50.696,82.51,17.15,6,1,1
4e0b4511,7,172.29,24.61285714285714,36.26,7.76,3,1,1
4ee7299f,13,202.16,15.55076923076923,21.22,7.18,6,1,1
4f32d231,8,383.86,47.9825,115.99,23.75,5,1,1
4f374deb,12,276.32,23.026666666666667,35.01,8.97,7,1,1
4f633b0c,11,444.5,40.40909090909091,61.97,28.83,7,1,1
4f6893ac,9,282.58000000000004,31.397777777777783,41.67,11.2,5,1,1
4fda51bb,13,342.03,26.31,41.44,5.0,5,1,1
50689858,10,423.82,42.382,63.78,19.66,5,1,1
50b5bce3,18,1337.59,74.31055555555555,115.97,33.37,6,-1,-1
50bdcfdc,10,125.31,12.531,20.02,7.68,5,1,1
50d8f3ec,15,243.55,16.236666666666668,23.49,9.65,7,1,1
51a2045e,13,526.34,40.48769230769231,75.44,8.8,6,1,1
51ac415d,6,79.01,13.168333333333335,21.12,7.47,5,1,1
52717257,10,151.32,15.132,23.07,5.0,6,1,1
528436c5,7,519.51,74.21571428571428,114.65,42.07,5,1,1
52adb129,9,777.07,86.34111111111112,121.49,32.03,6,1,1
52e411d5,7,83.25999999999999,11.894285714285713,17.12,5.0,6,1,1
5304bd65,13,950.79,73.1376923076923,116.98,49.68,6,1,1
530d07b2,10,155.84,15.584,21.13,10.74,6,1,1
5336796c,16,215.89,13.493125,25.06,5.0,6,1,1
5371a919,9,375.21,41.69,67.6,20.69,5,1,1
53928648,10,294.45,29.445,37.63,20.49,6,1,1
53a224b9,9,176.68,19.63111111111111,23.8,9.86,5,1,1
53b208c7,8,341.77,42.72125,57.5,32.1,6,1,1
53dac413,13,558.61,42.97,61.01,15.4,6,1,1
53f3c4d2,9,327.72,36.413333333333334,46.2,26.62,7,1,1
5459df6e,12,996.93,83.0775,125.41,34.86,6,1,1
5463b6ef,13,578.89,44.53,65.64,21.38,7,1,1
5475bf9e,7,377.58,53.94,72.61,28.78,3,1,1
54ace960,11,382.08,34.734545454545454,51.61,18.52,6,1,1
54ba6919,11,365.64,33.24,52.9,13.85,6,1,1
55080b80,9,118.28,13.142222222222223,20.77,5.57,4,1,1
553a0878,11,166.31,15.11909090909091,29.24,5.0,5,1,1
55f96903,12,767.91,63.9925,89.92,26.75,6,1,1
5646fecc,12,445.52,37.126666666666665,52.89,26.26,6,1,1
56aa2a5b,10,355.49,35.549,54.75,19.42,6,1,1
5743ad9d,10,119.66,11.966,16.7,8.46,5,1,1
578d1305,9,781.25,86.80555555555556,137.04,10.18,5,1,-1
57aaccfe,11,408.44,37.13090909090909,55.9,9.9,7,1,1
57ba1c65,10,271.0,27.1,48.92,8.15,6,1,1
57fed18c,14,619.6,44.25714285714286,72.27,14.88,5,1,1
58026550,9,399.15999999999997,44.35111111111111,80.8,16.3,5,1,1
58161b9e,13,369.87,28.451538461538462,40.62,19.84,7,1,1
58661c1f,12,184.32,15.36,24.48,5.0,6,1,1
58ca2eec,19,720.86,37.94,59.51,8.14,6,1,1
58cdfd3f,6,88.72,14.786666666666667,23.61,9.29,5,1,1
595ef2ef,13,443.32,34.10153846153846,53.04,16.3,5,1,1
59619e1e,7,176.25,25.178571428571427,32.07,17.24,5,1,1
5a2559da,16,1085.13,67.820625,108.41,35.94,5,1,1
5a9bf81c,13,198.94,15.303076923076922,23.24,8.91,7,1,1
5b1c6718,10,296.3,29.630000000000003,49.37,17.6,5,1,1
5b2cd5ed,16,336.81,21.050625,35.74,5.0,7,1,1
5b5f8c73,6,81.97,13.661666666666667,22.73,5.0,4,1,1
5b612b8b,14,554.05,39.574999999999996,85.02,16.89,6,1,1
5ba4626f,7,107.94,15.42,19.53,12.06,4,1,1
5bd43182,7,400.15,57.16428571428571,87.24,48.06,5,1,1
5be152a6,5,270.56,54.112,77.36,29.25,4,1,1
5bf8981f,8,303.36,37.92,50.44,19.89,6,1,1
5bfcfdc8,8,359.64,44.955,65.58,35.09,5,1,1
5c009ae2,10,852.34,85.23400000000001,119.58,60.73,7,1,-1
5d4394a2,9,117.09,13.01,22.07,5.0,5,1,1
5d46ff27,11,348.66,31.69636363636364,50.04,12.47,4,1,1
5d72a43e,12,463.73,38.64416666666667,65.83,14.96,6,1,1
5d7aae6f,6,488.90999999999997,81.485,114.22,36.37,4,1,1
5d90175a,10,764.09,76.409,106.95,41.94,5,1,1
5dcc4004,10,197.86,19.786,31.53,13.03,7,1,1
5dcdd63b,10,536.16,53.616,84.53,21.58,4,1,1
5e7ab4a8,10,637.94,63.794000000000004,90.4,41.18,3,1,1
5f4f3aec,11,482.32,43.847272727272724,70.77,18.07,7,1,1
5f59570e,14,644.53,46.03785714285714,71.14,5.0,7,1,1
5f81220a,9,406.64,45.18222222222222,60.38,29.4,6,1,1
5f8a6d15,18,272.12,15.117777777777778,21.5,7.44,7,1,-1
5f9eb94b,11,291.79,26.526363636363637,39.53,10.07,5,1,1
5fbd8f1c,10,350.1,35.010000000000005,51.89,16.98,4,1,1
5fdfc4c1,11,171.96,15.632727272727273,21.59,5.0,6,1,1
5fed7948,8,131.12,16.39,22.54,10.18,4,1,1
600b79de,9,299.53,33.28111111111111,47.17,19.47,7,1,1
60319308,6,230.04,38.339999999999996,55.12,22.22,5,1,1
60830d31,6,163.42000000000002,27.236666666666668,33.03,20.96,6,1,1
60b1d00c,14,326.97,23.355,33.38,9.42,6,1,1
60cfe858,14,609.04,43.50285714285714,71.5,22.22,7,1,1
60e29679,5,225.37,45.074,65.7,5.0,4,1,1
617bc89e,11,156.87,14.260909090909092,18.74,7.05,6,1,1
61b14cc1,11,600.02,54.54727272727273,83.92,22.96,7,1,1
61f6bb2c,9,289.46,32.16222222222222,43.59,14.21,4,1,1
62015b36,11,229.09,20.826363636363638,34.54,5.0,6,1,1
62c0f4d0,13,598.01,46.00076923076923,63.5,36.9,7,1,1
62cd4540,12,194.69,16.224166666666665,21.65,11.43,6,1,1
62d4e719,5,202.53,40.506,49.37,32.61,4,1,1
631be392,6,363.33,60.555,92.74,38.2,4,1,1
636a4b9d,9,135.57,15.063333333333333,25.26,7.59,4,1,1
63f49bfd,8,353.48,44.185,78.51,23.66,5,1,1
63f893e0,15,1271.6,84.77333333333333,137.26,33.79,5,-1,1
641e022a,15,650.6,43.373333333333335,69.87,15.23,7,1,1
6425ba7a,15,232.17000000000002,15.478000000000002,20.79,5.66,6,1,1
643c2c04,11,603.27,54.842727272727274,84.59,13.78,6,1,1
646b4671,10,132.88,13.288,18.78,5.0,6,1,1
647e3639,9,252.84,28.093333333333334,39.33,15.95,4,1,1
648624fe,14,631.22,45.08714285714286,65.94,5.0,5,1,1
64a7224f,15,228.29,15.219333333333333,26.51,6.29,6,1,1
64a982e5,10,292.33,29.232999999999997,37.0,13.63,7,1,1
64b31aec,14,977.61,69.82928571428572,91.53,50.22,4,1,-1
64e1758b,5,329.36,65.872,84.6,49.55,4,1,1
64ebddd2,9,309.7,34.41111111111111,54.31,15.71,4,1,1
6544d6ff,8,153.06,19.1325,29.83,13.26,4,1,1
65508113,10,169.56,16.956,25.01,5.0,6,1,1
65691276,8,753.6800000000001,94.21000000000001,134.3,70.72,6,-1,1
65ddfd91,7,315.34,45.04857142857143,74.57,29.06,4,1,1
6610bdd8,12,335.08,27.923333333333332,51.68,14.14,6,1,1
663658ea,11,156.94,14.267272727272728,24.41,6.29,5,1,1
664ccc7d,14,1409.79,100.69928571428571,153.03,47.63,7,-1,-1
667fc53d,15,207.06,13.804,24.57,5.0,6,1,1
669fff3c,5,106.64,21.328,25.07,17.92,4,1,1
66b59e17,10,648.8,64.88,104.43,27.69,5,1,1
66ce9c5a,9,567.65,63.07222222222222,84.85,37.91,7,1,-1
67baaa7d,10,648.53,64.853,100.01,36.74,6,1,1
67ec5e45,13,1009.66,77.66615384615385,115.26,50.27,5,1,1
67feb7bf,12,836.22,69.685,107.95,17.2,6,1,1
6846c824,4,75.98,18.995,23.26,11.31,4,1,1
686db390,13,191.39,14.722307692307691,21.39,9.4,7,1,1
688ea22b,9,159.48,17.72,21.87,12.34,6,1,1
68999d1c,7,176.26,25.18,36.95,19.51,3,1,1
689cf5bc,14,427.14,30.509999999999998,51.36,13.63,7,1,1
69d3b88e,7,373.45,53.35,79.1,16.69,5,1,1
6a5a38e8,8,140.48000000000002,17.560000000000002,25.53,11.82,4,1,1
6a95c90b,7,280.2,40.028571428571425,70.17,16.59,4,1,1
6aaf4ab5,8,354.07,44.25875,65.53,16.39,4,1,1
6ab2e49c,13,649.51,49.96230769230769,80.15,19.03,7,1,1
6ac5f600,7,206.25,29.464285714285715,45.82,11.31,3,1,1
6aeff010,10,244.60999999999999,24.461,36.23,5.0,6,1,1
6b5c1159,8,285.65,35.70625,66.21,22.43,5,1,1
6b6b0425,7,107.45,15.35,20.27,9.46,5,1,1
6b741b0d,12,693.72,57.81,95.66,31.84,7,1,1
6b8b2c3c,13,205.33,15.794615384615385,24.11,5.95,4,1,-1
6be876aa,14,647.37,46.24071428571428,86.57,20.65,7,1,1
6c073435,10,162.2,16.22,23.97,5.0,5,1,1
6c07620a,7,304.48,43.49714285714286,58.99,34.23,6,1,-1
6c07ba5a,11,163.82999999999998,14.893636363636363,24.66,5.0,7,1,1
6c6dd112,14,428.7,30.62142857142857,41.86,17.91,6,1,1
6c854c31,3,82.56,27.52,36.11,14.03,3,1,1
6d3ea340,16,1326.11,82.881875,123.73,28.03,7,-1,1
6db1a39d,1,24.9,24.9,24.9,24.9,1,-1,-1
6db77f50,12,171.85,14.320833333333333,20.94,5.0,6,1,1
6e078108,11,168.91,15.355454545454545,21.36,8.32,5,1,1
6e10ccd1,10,904.18,90.41799999999999,131.24,49.32,6,1,1
6e4f8f53,12,179.88,14.99,22.71,6.92,5,1,1
6ed18d8b,12,669.69,55.807500000000005,92.06,5.0,5,1,1
6f3a579a,6,84.45,14.075000000000001,20.76,7.82,4,1,1
6f3caec6,15,1030.54,68.70266666666666,106.74,42.05,7,1,1
6fafd129,6,291.27,48.544999999999995,77.11,5.0,5,1,1
6fbbc2be,11,497.68,45.24363636363636,59.3,27.02,5,1,1
6fe976ac,14,339.09000000000003,24.220714285714287,39.77,11.78,7,1,1
708fd4f2,17,773.71,45.512352941176474,60.68,13.67,5,1,1
70cce195,8,612.21,76.52625,106.42,50.43,6,1,1
711edfa1,14,645.48,46.105714285714285,69.71,5.0,7,1,1
7120b011,9,110.09,12.232222222222223,16.66,5.0,7,1,-1
7171dd9e,12,495.78999999999996,41.31583333333333,76.4,27.0,5,1,1
7217b16a,6,271.02,45.169999999999995,61.24,14.52,4,1,1
72aadf4b,7,215.43,30.775714285714287,43.73,19.31,4,1,1
72b8f1cd,8,581.19,72.64875,94.69,36.99,4,1,1
7338d73f,15,1480.15,98.67666666666668,137.85,60.54,7,-1,-1
73b4a8a9,16,1007.74,62.98375,98.69,5.0,6,1,1
747fb22b,14,256.17,18.297857142857143,30.3,6.69,6,1,1
74969542,5,75.02000000000001,15.004000000000001,19.78,9.97,3,1,1
74ee2b95,16,251.6,15.725,28.02,9.71,7,1,1
74fedd36,14,578.52,41.32285714285714,58.28,27.04,6,1,1
75835028,10,776.32,77.632,143.0,27.92,5,1,1
75a24198,5,211.49,42.298,54.06,26.85,3,1,1
760f2940,14,230.76,16.482857142857142,27.57,6.05,6,1,1
7698bf76,9,128.26,14.25111111111111,20.33,8.42,5,1,1
76dbca2c,9,451.21999999999997,50.135555555555555,70.96,24.34,5,1,1
770a219d,11,439.56,39.96,95.14,5.0,6,1,1
777f2d6a,13,172.82,13.293846153846154,19.11,5.0,5,1,1
77983459,12,258.21,21.5175,32.95,7.96,5,1,1
779b0590,7,535.41,76.48714285714286,117.41,27.45,4,1,1
77bf43e4,12,188.51,15.709166666666667,23.81,5.93,5,1,1
786e177b,12,223.3,18.608333333333334,28.54,11.85,5,1,1
7886ada3,9,665.12,73.90222222222222,105.35,43.72,4,1,1
78a595f8,10,637.67,63.766999999999996,97.72,36.93,6,1,1
79310115,13,922.91,70.99307692307693,102.57,30.5,5,1,1
797d805c,8,191.51,23.93875,30.93,16.35,5,1,1
799ef16a,7,164.92000000000002,23.560000000000002,38.09,5.0,3,1,1
79efc825,7,436.4,62.34285714285714,94.9,34.9,2,1,1
7a57a5a1,9,150.73000000000002,16.74777777777778,23.16,8.99,4,1,1
7a7b509e,11,266.24,24.203636363636363,37.77,12.63,6,1,1
7b3778df,15,597.82,39.85466666666667,66.79,13.73,7,1,1
7b3943d7,11,344.66,31.332727272727276,41.76,18.0,7,1,1
7b9a46b6,10,168.03,16.803,25.72,7.53,6,1,1
7bfc842e,11,434.84,39.53090909090909,52.41,19.68,6,1,1
7c0d96b2,13,426.92,32.84,51.01,17.87,6,1,1
7c2b3797,15,450.44,30.029333333333334,50.87,15.28,5,1,1
7c48a528,2,31.35,15.675,16.93,14.42,2,-1,-1
7c57924d,2,64.57,32.285,33.11,31.46,1,-1,-1
7cbc0df1,5,278.90999999999997,55.782,66.57,40.15,4,1,1
7cc22bc4,12,167.77,13.980833333333335,24.78,7.33,5,1,1
7d36d433,7,138.7,19.814285714285713,29.98,15.23,5,1,1
7dec9ec4,7,134.7,19.24285714285714,22.02,14.02,3,1,1
7dfd9a17,6,488.57,81.42833333333333,112.85,63.47,5,1,1
7e58732d,11,326.88,29.716363636363635,45.37,14.06,5,1,1
7f00729e,7,114.41,16.344285714285714,21.63,5.79,5,1,1
7f6027dc,9,302.34,33.593333333333334,41.89,24.58,6,1,1
801fc6f7,9,459.59000000000003,51.06555555555556,78.73,20.91,5,1,1
8029d865,11,148.96,13.541818181818183,17.02,8.22,6,1,1
80379718,9,135.73,15.08111111111111,23.37,7.72,5,1,1
80a093cc,5,64.13,12.825999999999999,16.08,6.57,4,1,1
8100188c,8,347.9,43.4875,61.2,20.02,5,1,1
8170b75b,7,100.96000000000001,14.422857142857143,26.14,8.75,4,1,1
820c59d7,10,123.39,12.339,18.92,5.88,6,1,1
8220fa10,15,197.89,13.192666666666666,19.45,6.13,6,1,1
823a8777,10,446.08,44.608,61.65,23.3,6,1,1
828b3de0,11,574.88,52.26181818181818,76.53,32.39,6,1,1
82bbd4ed,15,592.98,39.532000000000004,52.83,6.95,6,1,1
82e9f0f1,13,185.21,14.246923076923078,23.86,5.0,6,1,1
82ebbccb,16,271.21,16.950625,27.97,7.95,5,1,1
8345190c,9,467.18,51.90888888888889,68.98,32.64,4,1,1
835b0b36,2,115.34,57.67,61.53,53.81,2,-1,-1
83b62694,12,423.66,35.305,63.28,10.11,5,1,1
83e3f0d8,10,467.98,46.798,69.74,16.56,4,1,1
83e4fde4,11,625.5699999999999,56.87,89.31,11.75,6,1,1
846ffb65,9,403.56,44.84,65.74,25.01,5,1,1
848d7121,8,145.06,18.1325,25.66,12.86,6,1,1
8495e923,4,60.650000000000006,15.162500000000001,20.16,12.13,3,1,1
84cce61c,4,139.14,34.785,39.36,29.29,2,1,1
84d6893b,9,137.9,15.322222222222223,22.07,6.71,4,1,1
852492a4,5,124.87,24.974,30.3,18.96,5,1,1
85b10421,12,174.12,14.51,22.53,5.0,6,1,1
86560c9d,12,225.79,18.815833333333334,31.21,9.41,5,1,1
86dbdb03,11,346.22,31.474545454545456,53.5,14.31,7,1,1
86e40349,14,175.89000000000001,12.56357142857143,19.84,5.0,7,1,1
8726c9cc,15,833.73,55.582,106.26,16.86,6,1,1
8731f6b8,9,144.53,16.058888888888887,22.11,10.55,7,1,1
8775683e,14,1484.31,106.02214285714285,144.18,73.91,7,-1,-1
87a7765a,9,353.56,39.284444444444446,61.12,15.29,5,1,1
87cb63f9,10,156.53,15.653,21.54,9.1,7,1,1
883f3a5c,6,83.41,13.901666666666666,23.63,5.0,3,1,1
8858dead,12,445.7,37.141666666666666,64.76,13.69,6,1,1
88a25f89,12,179.51,14.959166666666667,22.54,5.79,6,1,1
88d62a62,7,103.28,14.754285714285714,19.78,11.63,5,1,1
88dce103,8,441.03999999999996,55.129999999999995,90.87,28.85,5,1,1
89004318,12,176.44,14.703333333333333,23.34,9.64,5,1,1
8925a710,9,249.64,27.737777777777776,37.92,12.72,5,1,1
8928823b,13,886.3100000000001,68.17769230769231,95.17,37.44,7,1,1
8953c61b,8,210.23,26.27875,36.74,13.57,4,1,1
89705c9a,9,433.46,48.16222222222222,65.61,22.94,5,1,1
8996daee,8,297.77,37.22125,62.29,8.92,3,1,1
89f298a6,11,154.14,14.012727272727272,22.75,5.61,6,1,1
8a57f194,13,421.16,32.39692307692308,50.23,9.75,4,1,1
8a5b9599,13,173.99,13.383846153846154,20.33,5.81,6,1,1
8ae69396,12,610.1899999999999,50.84916666666666,77.1,33.62,6,1,1
8b5ddbbf,7,179.71,25.672857142857143,39.32,8.06,4,1,1
8b6ad83f,10,440.35,44.035000000000004,69.89,17.11,6,1,1
8b7d7687,9,570.87,63.43,98.17,38.91,7,1,1
8bb3377c,12,831.4200000000001,69.28500000000001,92.95,39.05,5,1,1
8be185b4,18,284.33,15.79611111111111,24.65,9.63,5,1,-1
8bf63f18,11,177.7,16.154545454545453,22.41,10.17,5,1,1
8c31ad3e,12,183.28,15.273333333333333,22.39,6.3,5,1,1
8c81741f,8,480.94,60.1175,82.32,35.04,5,1,1
8c9a8afe,10,136.49,13.649000000000001,18.46,7.56,5,1,1
8cc0e21f,10,301.81,30.181,60.19,12.53,6,1,1
8d062c54,7,784.58,112.08285714285715,170.3,66.69,4,-1,-1
8d15d09a,14,194.42000000000002,13.887142857142859,21.92,7.37,7,1,1
8d65a883,12,823.37,68.61416666666666,97.7,33.87,6,1,1
8de7a09b,14,753.71,53.83642857142858,65.56,40.89,7,1,-1
8de7bd3d,10,297.02,29.701999999999998,53.5,16.05,5,1,1
8e02c170,6,213.35,35.55833333333333,54.61,20.79,5,1,1
8e60e411,10,589.51,58.951,93.06,26.88,5,1,1
8e91a0af,11,241.82,21.983636363636364,31.41,8.14,5,1,1
8ef9a7ea,10,459.82,45.982,65.91,33.92,4,1,1
8faee8c8,12,268.99,22.415833333333335,30.07,13.46,4,1,1
90129547,8,307.78,38.4725,58.44,24.4,5,1,1
90144db2,12,182.17000000000002,15.180833333333334,26.64,5.0,5,1,1
9094e727,11,142.34,12.94,23.24,6.33,6,1,1
909a6456,7,263.82,37.68857142857143,62.17,27.35,5,1,1
90bf79a2,10,743.52,74.352,114.59,46.64,5,1,1
90c711f8,18,643.2,35.733333333333334,61.48,14.62,7,1,1
90e726e0,13,729.9399999999999,56.14923076923076,100.27,16.64,7,1,1
91532d30,15,1253.95,83.59666666666666,118.77,37.45,6,1,1
916e6cc1,11,436.75,39.70454545454545,57.66,15.96,5,1,1
91987a5b,19,291.97,15.36684210526316,24.82,5.0,7,1,-1
923155b0,10,406.68,40.668,50.65,16.96,7,1,1
9280d12c,9,108.77,12.085555555555555,21.24,7.17,4,1,1
92858d45,9,495.65,55.07222222222222,82.32,23.42,6,1,1
92ea069f,4,144.95,36.2375,39.53,30.89,3,1,1
92f82ba3,10,150.24,15.024000000000001,23.38,6.01,5,1,1
930a32a7,14,219.99,15.713571428571429,22.38,7.84,7,1,1
931ec19a,17,858.11,50.47705882352941,102.57,12.05,6,1,1
939a8c4a,8,97.91,12.23875,15.54,7.29,5,1,1
93c78391,10,504.75,50.475,71.69,28.96,6,1,1
93c93dff,9,146.9,16.322222222222223,20.83,10.24,5,1,1
93e63cbc,9,323.49,35.943333333333335,52.45,24.76,6,1,1
9411eec5,13,488.66,37.589230769230774,52.19,24.56,5,1,1
9414c872,10,128.98,12.898,22.95,6.23,5,1,1
9465d06d,8,213.37,26.67125,42.85,5.82,6,1,1
94a28fa5,7,82.55,11.792857142857143,16.43,8.01,6,1,1
94c7206f,10,179.25,17.925,26.58,12.37,7,1,1
94dc73b7,9,149.88,16.653333333333332,24.12,8.9,6,1,1
965ca6f7,10,136.06,13.606,26.12,5.0,6,1,1
965df976,6,97.93,16.32166666666667,21.87,10.66,3,1,1
9699232c,9,634.7,70.52222222222223,88.59,55.19,6,1,1
96b96046,13,847.97,65.22846153846154,102.61,22.34,5,1,1
96ea9ed7,6,81.82,13.636666666666665,23.79,6.95,4,1,1
96f7fd47,11,238.97,21.724545454545453,33.27,10.92,7,1,1
970f2cc2,9,178.11,19.790000000000003,25.06,8.69,4,1,1
97322e26,7,569.74,81.39142857142858,121.58,58.62,4,1,1
973c4b49,12,197.39,16.449166666666667,25.84,6.0,5,1,1
976e0f69,8,314.27,39.28375,53.5,21.77,4,1,1
9776cad9,14,632.98,45.212857142857146,87.85,5.0,6,1,1
97f83da0,8,506.87,63.35875,77.72,42.78,5,1,1
981eef0f,13,804.4200000000001,61.87846153846154,90.59,37.16,7,1,1
98348959,9,384.4,42.71111111111111,59.32,16.88,6,1,1
983939a5,16,1129.42,70.58875,113.0,43.66,6,1,1
983a6c8c,8,106.97,13.37125,18.78,6.91,4,1,1
988803c4,7,250.51000000000002,35.78714285714286,48.85,17.51,5,1,1
990a205b,9,395.88,43.986666666666665,62.74,23.06,5,1,1
991fe935,11,1050.89,95.53545454545456,124.78,45.95,6,1,1
999247a9,10,388.14,38.814,63.38,14.51,4,1,1
99b38b35,9,138.8,15.422222222222224,25.62,5.0,5,1,1
99ea48e5,6,85.29,14.215000000000002,21.96,7.34,5,1,1
9a47de2a,8,122.44999999999999,15.306249999999999,22.84,8.76,6,1,1
9a5e1ffe,7,120.33000000000001,17.19,22.17,7.04,4,1,1
9aa6adf7,4,141.22,35.305,59.26,16.2,4,1,1
9ae5a352,9,524.31,58.25666666666666,84.04,34.37,6,1,1
9ae99f3e,6,95.43,15.905000000000001,23.59,5.0,5,1,1
9b13d416,9,125.86,13.984444444444444,16.57,9.77,5,1,1
9be8ad1a,13,335.72,25.824615384615388,44.01,5.0,7,1,1
9c589cf1,9,243.26,27.028888888888886,44.7,13.84,4,1,1
9c5af8a7,15,256.85,17.123333333333335,28.25,5.76,6,1,1
9c5e259b,7,376.84000000000003,53.83428571428572,89.43,13.08,4,1,1
9cef6aca,11,401.85,36.53181818181818,54.51,14.41,6,1,1
9d303a3b,7,443.57,63.36714285714286,96.67,26.77,5,1,1
9d8438f1,10,181.45,18.145,31.51,5.0,6,1,1
9da25915,9,518.3299999999999,57.59222222222221,87.66,30.78,4,1,1
9dd2da9c,10,148.13,14.812999999999999,21.02,10.1,7,1,1
9e9bbdaa,8,126.25,15.78125,22.29,10.65,6,1,1
9f0e71fd,12,442.53,36.8775,56.11,5.33,6,1,1
9f0f9b3d,6,88.4,14.733333333333334,21.57,8.1,4,1,1
9f1a983b,10,171.87,17.187,28.05,6.3,5,1,1
9f218fd6,7,310.19,44.31285714285714,54.23,31.07,6,1,1
9f7d15b5,5,266.05,53.21,81.82,20.47,4,1,1
9fa05633,11,600.83,54.620909090909095,85.94,28.3,7,1,1
9fc1570b,11,345.68,31.425454545454546,44.99,16.63,4,1,1
a021ce00,8,119.94,14.9925,21.66,7.56,5,1,1
a0578588,9,172.93,19.214444444444446,26.77,5.0,5,1,1
a05deb30,6,502.76,83.79333333333334,122.73,50.25,5,1,1
a0dd7578,9,414.56,46.062222222222225,76.64,22.97,6,1,1
a0f3bb7a,8,393.0,49.125,64.28,37.06,4,1,1
a107c2c0,12,173.48,14.456666666666665,18.66,5.21,4,1,1
a143fa34,9,115.47,12.83,20.97,5.0,5,1,1
a16123a1,12,715.5,59.625,112.97,30.6,6,1,1
a1bbbbb8,6,105.99,17.665,22.77,10.22,5,1,1
a1c75480,8,115.69,14.46125,19.87,5.52,5,1,1
a2a4bfc4,13,416.81,32.06230769230769,62.18,10.13,7,1,1
a2d56049,8,431.75,53.96875,71.12,25.9,5,1,1
a301b62b,10,428.3,42.83,55.4,29.14,6,1,1
a33f3ea1,13,480.46,36.958461538461535,75.44,20.22,6,1,1
a355ae8e,6,91.94,15.323333333333332,19.99,12.49,5,1,1
a3615856,7,174.29000000000002,24.898571428571433,40.29,13.12,5,1,1
a3a21e5b,10,150.81,15.081,23.03,7.8,5,1,1
a4aeee5c,14,850.5,60.75,97.81,26.5,7,1,1
a4bdeef4,14,494.63,35.330714285714286,51.44,5.0,6,1,1
a4d884b0,14,1307.95,93.425,141.23,46.79,5,-1,1
a51d01de,6,281.57,46.928333333333335,71.09,25.69,3,1,1
a55db17e,8,104.42999999999999,13.053749999999999,21.72,5.0,6,1,1
a5ba196b,4,168.18,42.045,56.24,25.03,2,1,1
a625c3d8,9,147.48000000000002,16.38666666666667,20.66,10.21,5,1,1
a6979797,8,836.7,104.5875,149.5,64.45,5,-1,1
a6a0d673,7,104.26,14.894285714285715,24.93,5.47,4,1,1
a70c2d67,8,537.82,67.2275,94.2,44.04,4,1,1
a70fb7fc,11,314.97,28.633636363636366,40.66,17.59,6,1,1
a720216a,10,391.44,39.144,58.04,15.0,5,1,1
a742e832,10,172.4,17.240000000000002,21.22,11.16,5,1,1
a873d1d3,13,613.81,47.216153846153844,69.58,17.87,5,1,1
a89726a7,10,365.92,36.592,55.72,18.39,6,1,1
a8d99d5c,10,322.41,32.241,51.47,24.07,4,1,1
a95212b0,4,68.33,17.0825,26.53,10.36,3,1,1
a9530c89,6,423.35,70.55833333333334,83.31,37.04,5,1,1
a9920992,6,466.06,77.67666666666666,120.17,30.76,2,-1,-1
aa0e2f4b,11,359.31,32.664545454545454,42.83,21.56,6,1,1
aa3b345f,11,188.28,17.116363636363637,23.12,8.4,6,1,1
aa4cdfe1,8,939.11,117.38875,158.08,52.11,5,-1,1
aa6fff4f,7,444.39,63.48428571428571,89.16,42.55,4,1,1
aad2fff7,11,540.06,49.096363636363634,87.34,12.97,6,1,1
ab11f37f,7,112.52,16.074285714285715,21.29,9.6,4,1,1
ab37c05e,11,291.35,26.486363636363638,34.6,15.74,4,1,1
ab4bf5c0,13,897.02,69.00153846153846,117.71,19.52,6,1,1
ab54fad8,10,164.23000000000002,16.423000000000002,27.55,10.51,6,1,1
ab9c5a4a,9,130.26,14.473333333333333,17.5,5.0,6,1,1
abb307e7,7,121.82,17.40285714285714,25.9,8.95,3,1,1
abc2ad94,4,379.25,94.8125,113.92,61.07,4,-1,1
ac3b15f6,11,139.32999999999998,12.666363636363634,20.65,5.0,4,1,1
ac4482b1,5,443.48,88.696,112.55,72.91,4,-1,-1
ac7f95c9,15,454.64,30.30933333333333,46.78,19.12,6,1,1
acb66c01,6,308.88,51.48,73.81,33.28,4,1,1
acff186f,10,398.36,39.836,60.57,20.6,5,1,1
ad554efe,14,330.7,23.62142857142857,51.63,11.35,6,1,1
ad876f99,10,463.74,46.374,75.61,22.94,4,1,1
ad9942d7,15,561.8,37.45333333333333,61.84,21.5,7,1,1
ae6111cb,5,127.15,25.43,38.52,10.79,4,1,1
af1c24a5,13,1134.11,87.23923076923076,127.81,14.82,7,-1,-1
af4f5a82,10,665.19,66.519,96.3,41.87,5,1,1
af62832c,14,464.2,33.15714285714286,64.54,13.11,6,1,1
af8a3429,11,178.63,16.23909090909091,26.79,5.0,7,1,1
af8e103a,9,510.33,56.70333333333333,67.93,44.83,4,1,1
afcf1444,9,177.53,19.725555555555555,29.9,5.5,4,1,1
afe66994,10,489.53,48.952999999999996,92.37,18.0,6,1,1
b03f3cf3,14,1040.38,74.31285714285715,112.4,26.38,6,1,1
b0e1c25b,7,426.64,60.94857142857143,73.33,28.55,6,1,1
b1236b00,11,359.85,32.71363636363637,52.7,7.84,5,1,1
b15ada54,14,528.13,37.723571428571425,58.92,6.57,7,1,1
b1d6532d,7,97.84,13.977142857142857,17.97,8.01,5,1,1
b2205548,5,222.56,44.512,77.23,24.47,4,1,1
b351ca42,10,396.47,39.647000000000006,54.59,31.44,5,1,1
b3aee377,11,926.53,84.23,128.01,47.44,6,1,1
b3d91d5f,8,150.34,18.7925,22.97,12.83,6,1,1
b3eda3cf,10,161.27,16.127000000000002,20.61,12.64,4,1,1
b3f6251a,8,159.2,19.9,31.5,7.83,5,1,1
b433cf2c,14,213.8,15.271428571428572,20.26,11.49,5,1,1
b48b8c38,8,516.73,64.59125,93.43,25.35,4,1,1
b4c0ad1e,8,120.45,15.05625,19.99,5.0,5,1,1
b4f74298,11,375.87,34.17,45.66,20.46,6,1,1
b5072dd8,16,979.59,61.224375,86.24,37.84,6,1,1
b52d582e,7,575.88,82.26857142857143,120.27,55.87,4,1,1
b563d670,5,192.24,38.448,56.18,11.08,5,1,1
b5f24c5a,5,331.52,66.304,88.08,53.87,2,-1,-1
b65859c6,8,122.98,15.3725,22.55,6.91,5,1,1
b6652601,5,73.37,14.674000000000001,22.76,6.88,3,1,1
b6ab1f70,11,210.98,19.18,29.9,12.69,4,1,1
b74c31e4,5,75.45,15.09,18.72,11.35,3,1,1
b7b63220,8,117.75,14.71875,17.18,10.39,5,1,1
b7ddb960,6,174.59,29.098333333333333,40.92,15.51,5,1,1
b85360ac,8,494.98,61.8725,113.89,32.18,3,1,1
b90d0e04,11,539.77,49.07,93.62,19.27,4,1,1
b971c227,11,465.65,42.33181818181818,69.01,23.36,7,1,1
b9f21877,11,416.45,37.85909090909091,46.95,19.56,6,1,1
ba081ca1,9,158.73,17.636666666666667,26.41,9.07,5,1,1
ba63ea90,8,123.76,15.47,23.74,8.47,5,1,1
ba89e96d,5,96.54,19.308,26.91,12.72,3,1,1
baaaa800,12,321.17,26.764166666666668,34.65,15.34,6,1,1
babccc86,7,106.86,15.265714285714285,24.51,9.21,6,1,1
bac26ddd,8,143.82999999999998,17.978749999999998,20.77,14.83,4,1,1
baf06705,13,666.65,51.28076923076923,80.69,27.61,6,1,1
bb56fc76,11,582.54,52.958181818181814,82.54,29.63,6,1,1
bb79ecc6,11,979.74,89.06727272727272,154.11,44.8,6,-1,1
bb98fc5e,8,124.36999999999999,15.546249999999999,25.0,10.77,4,1,1
bbede70e,13,315.74,24.287692307692307,38.26,14.1,6,1,1
bc20f007,16,343.17,21.448125,33.39,5.0,6,1,1
bcf0da14,7,226.89,32.41285714285714,45.42,19.02,3,1,1
bd20895a,12,761.4,63.449999999999996,84.59,35.84,4,1,1
bd33dce1,13,187.82,14.447692307692307,19.54,8.64,5,1,1
bd445796,9,532.9599999999999,59.21777777777777,83.46,40.55,6,1,1
bd5753ec,8,130.4,16.3,23.64,9.91,5,1,1
bd66c34d,12,947.72,78.97666666666667,113.3,55.8,6,1,1
c046891e,9,116.15,12.905555555555557,18.93,6.31,5,1,1
c0527f67,10,1187.74,118.774,156.42,80.87,4,-1,-1
c05e3c10,10,653.79,65.37899999999999,102.28,35.42,5,1,1
c16ace61,9,495.68,55.07555555555555,86.11,29.47,5,1,1
c1cadb2b,14,498.84000000000003,35.63142857142857,48.27,23.64,6,1,1
c1f0b5d8,13,191.48,14.72923076923077,25.49,5.07,5,1,1
c222cd5e,9,114.57,12.729999999999999,18.62,5.0,4,1,1
c22409d5,8,454.03,56.75375,75.81,32.21,6,1,1
c2baddce,13,160.82,12.37076923076923,19.49,5.0,7,1,1
c2cd4e08,9,173.01,19.223333333333333,30.83,12.36,5,1,1
c35dc5bc,16,263.91,16.494375,24.45,8.44,6,1,1
c35dfff3,9,193.25,21.47222222222222,27.89,12.37,5,1,1
c3715451,11,1035.39,94.12636363636365,127.38,53.11,6,1,1
c378557f,13,1099.45,84.57307692307693,118.17,36.81,5,1,1
c3bab453,13,897.23,69.01769230769231,126.06,5.0,7,-1,-1
c3edd50e,17,896.13,52.7135294117647,100.94,14.93,7,1,1
c3f91b4e,9,129.54,14.393333333333333,26.23,5.0,5,1,1
c4297f1f,8,375.33,46.91625,65.79,33.02,6,1,1
c4414baf,16,542.4399999999999,33.902499999999996,49.17,7.87,7,1,1
c4cdaa22,9,363.14,40.34888888888889,51.48,34.99,6,1,1
c5087939,7,708.48,101.21142857142857,161.25,52.69,4,-1,1
c58e9ca0,12,185.64,15.469999999999999,22.71,9.55,6,1,1
c5cd8915,14,215.11,15.365,25.79,8.1,6,1,1
c5e04abe,8,99.72,12.465,23.23,7.22,6,1,1
c5ee75e1,14,467.97,33.42642857142857,57.35,18.82,6,1,1
c5f160ac,14,488.96000000000004,34.925714285714285,49.67,5.0,6,1,1
c68a1825,9,817.35,90.81666666666666,140.14,26.81,5,1,1
c6942143,6,82.29,13.715000000000002,18.93,9.68,3,1,1
c69d8fa4,4,251.48,62.87,81.1,33.04,3,1,1
c6b7b477,10,324.63,32.463,47.77,20.28,4,1,1
c6d5f480,9,733.02,81.44666666666666,127.4,61.18,5,1,1
c6ed2150,9,138.01,15.334444444444443,23.22,5.0,5,1,1
c6f98929,10,161.64,16.163999999999998,25.95,7.62,7,1,1
c702035c,6,510.56,85.09333333333333,93.39,77.4,4,-1,-1
c716dbe4,10,392.83,39.283,49.7,20.48,5,1,1
c77a496c,15,669.0699999999999,44.60466666666666,69.68,22.38,6,1,1
c783ff3f,15,225.67000000000002,15.044666666666668,24.84,7.73,6,1,1
c7a08359,18,572.4399999999999,31.80222222222222,54.8,5.0,7,1,-1
c7be4e87,11,552.23,50.20272727272727,66.98,32.02,5,1,1
c7ccb6ca,7,156.82,22.40285714285714,30.78,15.08,5,1,1
c7cd3ae3,12,171.49,14.290833333333333,20.96,5.68,5,1,1
c853bea5,14,210.46,15.032857142857143,22.25,7.97,6,1,1
c85d55f3,9,287.37,31.93,46.48,5.8,6,1,1
c9190915,6,96.06,16.01,22.91,6.42,5,1,1
c9323293,8,592.22,74.0275,94.74,49.24,6,1,1
ca0ff74c,8,676.6,84.575,108.93,62.53,4,1,1
ca14cdfd,12,696.57,58.04750000000001,89.93,28.1,5,1,1
ca4663be,12,184.2,15.35,28.74,5.0,7,1,1
cae7218c,15,527.33,35.15533333333334,63.72,11.83,5,1,1
cb9a57d6,11,350.40999999999997,31.855454545454542,52.19,9.28,7,1,1
cbf9724a,8,130.07999999999998,16.259999999999998,20.43,8.61,4,1,1
cc5548e6,8,122.48,15.31,19.63,5.0,3,1,1
cc641140,19,270.48,14.235789473684212,22.3,5.36,6,1,-1
cc7dd5cc,16,1643.68,102.73,152.89,29.35,6,-1,-1
ccf4577b,6,328.63,54.77166666666667,78.16,35.25,5,1,1
cd3efdf4,10,420.51,42.051,67.03,22.51,6,1,1
cd7a1b5b,13,716.86,55.143076923076926,81.1,20.16,6,1,1
cdfb7bef,12,189.05,15.754166666666668,28.12,9.18,6,1,1
ce35e02b,9,944.6,104.95555555555556,164.98,59.25,5,-1,1
ce3e1b56,10,321.06,32.106,45.56,22.51,6,1,1
ce451d5d,7,555.65,79.37857142857142,108.22,53.48,5,1,1
cf12d9f1,6,268.98,44.830000000000005,70.73,13.79,5,1,1
cfbfc866,8,117.88,14.735,24.83,5.0,5,1,1
d022c52e,8,221.67,27.70875,37.9,16.0,4,1,1
d0adebe7,3,47.17,15.723333333333334,16.26,15.17,3,1,1
d125e8fe,7,285.37,40.76714285714286,56.07,25.08,6,1,1
d17a3b1f,13,602.39,46.33769230769231,68.62,30.11,6,1,1
d1abf3d1,11,171.41,15.582727272727272,22.35,5.15,5,1,1
d1b21591,10,282.71,28.270999999999997,41.39,15.86,6,1,1
d1c01e85,10,396.85,39.685,59.64,20.86,6,1,1
d1d6968f,8,462.05,57.75625,93.62,33.78,4,1,1
d2bd279f,9,136.3,15.144444444444446,21.22,11.11,7,1,-1
d3295415,14,218.62,15.615714285714287,23.24,9.39,6,1,1
d350e4bf,10,150.48,15.047999999999998,21.62,6.44,5,1,1
d371b840,13,269.76,20.75076923076923,30.85,5.0,7,1,1
d39c0e2e,9,112.95,12.55,16.86,5.02,4,1,1
d3a68ef9,6,382.93,63.821666666666665,90.01,36.49,4,1,1
d3c576a7,7,551.79,78.82714285714285,120.38,48.6,5,1,1
d3dc2e6a,12,758.45,63.20416666666667,85.44,17.27,5,1,1
d42fbf23,8,528.19,66.02375,95.93,41.88,5,1,1
d44df88b,7,194.33,27.761428571428574,36.8,18.66,4,1,1
d489528c,8,146.74,18.3425,22.56,9.72,5,1,1
d4deed91,8,114.37,14.29625,18.49,10.26,4,1,1
d5f6dffa,16,408.75,25.546875,37.65,7.09,5,1,1
d604e121,4,134.09,33.5225,54.5,6.38,3,1,1
d65d4906,7,212.52,30.360000000000003,49.09,5.0,3,1,1
d66463ae,15,461.14,30.742666666666665,43.38,11.83,6,1,1
d6dcce9d,8,424.41,53.05125,71.98,28.89,6,1,1
d6e60146,11,411.9,37.445454545454545,48.99,24.03,5,1,1
d735a9ac,18,924.9,51.38333333333333,95.54,16.78,7,-1,1
d740e34a,9,272.49,30.276666666666667,49.77,11.75,5,1,1
d7500442,14,194.26,13.875714285714285,22.25,5.61,7,1,1
d7905ff6,8,465.94,58.2425,90.7,41.91,5,1,1
d79608aa,7,144.63,20.66142857142857,27.97,9.85,4,1,1
d79c9bf2,9,261.87,29.096666666666668,36.91,17.34,4,1,1
d810058a,8,298.13,37.26625,53.94,18.04,5,1,1
d8343955,6,223.18,37.196666666666665,48.25,16.93,4,1,1
d8391a10,16,622.84,38.9275,54.6,21.1,6,1,1
d849e658,9,344.72,38.30222222222223,57.81,24.61,5,1,1
d87f6f75,12,996.29,83.02416666666666,108.4,29.56,6,1,1
d8d0e018,14,212.14,15.152857142857142,28.79,6.07,7,1,1
d8d75895,10,410.62,41.062,59.19,17.77,5,1,1
d9a5fd36,10,330.92,33.092,61.47,18.56,5,1,1
d9ed9e30,7,401.15999999999997,57.308571428571426,82.14,38.57,5,1,1
da1071e3,6,342.77,57.12833333333333,67.38,39.74,4,1,1
da5cc01f,8,185.09,23.13625,50.37,11.45,5,1,1
db033fbd,9,127.57,14.174444444444443,23.99,5.0,5,1,1
db1b8b5b,9,231.07999999999998,25.675555555555555,47.87,9.81,6,1,1
db4f106b,9,150.21,16.69,22.85,10.46,5,1,1
db6bd915,10,366.11,36.611000000000004,54.82,23.02,7,1,1
dbf751b3,9,367.03,40.78111111111111,57.93,20.29,7,1,1
dc068fb6,11,321.24,29.203636363636363,40.57,16.12,5,1,1
dc340cce,14,170.35,12.167857142857143,22.58,7.52,7,1,1
dc6cdfd1,9,506.55,56.28333333333333,92.56,33.69,4,1,1
dc80d8f4,9,722.1,80.23333333333333,109.0,52.47,5,1,1
dcb1e818,22,989.46,44.97545454545455,62.98,9.57,7,-1,-1
ded967c9,12,202.88,16.906666666666666,25.4,8.44,5,1,1
df4f4d4b,3,98.28999999999999,32.76333333333333,41.36,24.31,3,1,1
df9b0d7a,7,100.83,14.404285714285715,20.96,7.57,4,1,1
dfa1ba6f,8,477.71000000000004,59.713750000000005,80.09,36.08,5,1,1
dfaa92ab,10,332.86,33.286,45.12,23.62,5,1,1
e00ad109,11,1195.51,108.68272727272728,147.16,56.82,5,-1,1
e068bcee,11,266.32,24.21090909090909,33.94,11.22,6,1,1
e0e1628a,12,511.96,42.663333333333334,76.49,22.38,5,1,1
e0f99903,13,285.44,21.956923076923076,33.33,9.92,6,1,1
e1248ec7,9,833.62,92.62444444444445,112.77,60.82,5,1,1
e12ebe68,7,292.7,41.81428571428571,55.34,28.68,4,1,1
e14ba73c,13,194.8,14.984615384615385,21.21,7.7,6,1,1
e1bb6342,8,258.76,32.345,40.09,19.11,3,1,1
e2027a7d,11,846.95,76.99545454545455,111.2,60.32,5,1,1
e2263d4f,8,190.52,23.815,41.21,12.76,5,1,1
e24027e1,9,189.2,21.022222222222222,30.85,11.17,3,1,1
e2660129,9,170.25,18.916666666666668,27.45,12.27,5,1,1
e26c0313,7,114.55,16.364285714285714,25.4,5.0,4,1,1
e2c6d272,5,207.83,41.566,50.81,31.48,2,1,1
e2f2b50b,11,162.1,14.736363636363636,23.15,6.08,6,1,1
e3411dee,10,355.88,35.588,45.08,22.49,5,1,1
e3593ccb,10,198.31,19.831,25.35,11.14,6,1,1
e376023e,12,818.73,68.2275,95.4,28.09,5,1,1
e3faedaa,4,237.07,59.2675,70.47,44.34,2,-1,1
e4231694,9,207.31,23.034444444444446,34.64,12.68,6,1,1
e4a2048e,13,167.21,12.862307692307693,22.69,5.0,6,1,1
e597ef30,12,168.57,14.0475,23.49,5.0,5,1,1
e5a01cbc,11,1138.37,103.48818181818181,159.77,50.31,5,-1,1
e5b13dd2,9,588.7,65.41111111111111,96.38,34.28,5,1,1
e67ad426,7,667.0,95.28571428571429,189.87,49.32,5,-1,-1
e6bbde26,5,66.83,13.366,16.46,9.31,4,1,1
e6daa5d3,11,357.15,32.46818181818182,61.49,16.83,6,1,1
e704bbef,12,614.03,51.16916666666666,68.04,30.11,5,1,1
e74d5174,9,790.62,87.84666666666666,123.17,66.02,6,1,1
e74fc165,14,215.10999999999999,15.364999999999998,23.72,5.0,7,1,1
e8169997,10,158.75,15.875,27.65,5.0,4,1,1
e82366bf,10,129.26999999999998,12.926999999999998,19.65,6.57,5,1,1
e84f6595,10,383.33,38.333,51.35,19.37,4,1,1
e854b3dc,9,535.35,59.483333333333334,72.73,42.39,5,1,1
e894289a,16,596.99,37.311875,58.04,15.8,6,1,1
e8f8cebc,11,161.08,14.643636363636364,23.99,5.0,5,1,1
e986898a,11,158.21,14.382727272727273,21.44,8.32,6,1,1
e98b60f6,7,129.51999999999998,18.502857142857142,23.42,13.61,4,1,1
e9aa4e0b,9,176.51999999999998,19.61333333333333,29.47,5.0,5,1,1
e9c3403c,9,413.45,45.93888888888889,62.27,22.79,6,1,1
e9cb35ed,10,151.15,15.115,23.41,10.12,6,1,1
e9f9f8bc,10,601.61,60.161,96.13,8.3,5,1,1
ea9d33e9,13,414.55,31.888461538461538,48.95,19.62,6,1,1
eab7c991,17,2028.05,119.29705882352941,191.7,32.51,6,-1,-1
eabbd2b7,11,204.62,18.60181818181818,32.58,7.7,5,1,1
eb164a83,6,200.69,33.44833333333333,36.9,29.81,4,1,1
eb348045,13,1089.27,83.78999999999999,149.56,16.51,4,-1,-1
eb3cbd46,14,1101.12,78.65142857142857,123.09,45.91,5,1,1
eb6a8c26,12,644.28,53.69,69.67,39.04,5,1,1
eb9002a6,16,266.34,16.64625,23.59,5.44,6,1,1
ebb34c6f,7,415.81,59.401428571428575,116.57,9.03,4,1,-1
ebe7089f,10,248.48,24.848,32.83,14.99,5,1,1
ebfddab1,10,788.21,78.821,135.95,48.98,6,1,1
ec4a2adc,8,107.97,13.49625,24.07,5.0,4,1,1
ec6b6f21,15,206.32,13.754666666666667,23.34,5.8,5,1,1
ec84fdda,12,142.74,11.895000000000001,18.17,6.94,5,1,1
ece55a9d,16,1046.81,65.425625,88.3,31.39,6,1,1
ed04c4f5,10,325.1,32.510000000000005,45.65,18.04,5,1,1
ed82f1c5,7,276.97,39.56714285714286,63.38,8.39,5,1,1
eddb3296,11,468.69,42.60818181818182,64.31,13.46,6,1,1
ee1feb2c,9,126.38,14.042222222222222,20.96,5.7,4,1,1
ee7b6b35,7,104.72999999999999,14.96142857142857,25.57,5.0,4,1,1
ee94e195,7,168.52,24.074285714285715,44.27,14.45,5,1,1
ee96ef3e,14,228.48000000000002,16.32,24.02,11.91,6,1,1
eea956fb,6,176.5,29.416666666666668,47.1,5.0,4,1,1
eeee45c5,18,307.33,17.073888888888888,26.04,8.73,5,1,1
ef38cd28,5,211.39,42.278,57.69,33.41,4,1,1
ef39b9f6,8,694.54,86.8175,145.65,36.76,7,1,-1
ef7ba0d3,12,513.06,42.754999999999995,69.36,14.73,4,1,1
ef8a4579,11,585.92,53.26545454545454,89.15,22.29,6,1,1
efb76cd2,10,143.41,14.341,20.73,7.57,4,1,1
efe76808,8,777.83,97.22875,145.63,56.46,6,-1,1
f015cecf,7,594.95,84.99285714285715,122.23,54.53,4,1,1
f0a2b4c7,13,215.06,16.543076923076924,35.08,8.07,6,1,1
f1134c4d,10,394.26,39.426,69.12,24.09,6,1,1
f1424b1e,11,709.43,64.49363636363636,133.1,38.96,5,1,1
f2440977,15,830.67,55.378,83.81,28.12,7,1,1
f2798bb8,6,96.28,16.046666666666667,27.13,5.55,3,1,1
f27cc3c5,13,392.08,30.16,52.42,9.75,7,1,1
f3174973,11,261.18,23.743636363636366,33.93,13.57,5,1,1
f3369897,13,369.3,28.407692307692308,49.54,16.34,6,1,1
f386860f,11,305.42,27.765454545454546,40.74,16.79,6,1,1
f40f8dc1,10,158.81,15.881,19.99,12.32,5,1,1
f4e7663e,9,580.27,64.47444444444444,113.51,8.83,4,1,1
f4f81ab6,14,575.53,41.10928571428571,58.08,24.01,7,1,1
f50c2b9c,7,116.86,16.694285714285716,21.6,5.0,6,1,1
f51a0cfe,8,353.07,44.13375,65.66,25.55,5,1,1
f546262a,9,163.21,18.134444444444444,28.72,10.13,4,1,1
f5a0f3fc,15,967.49,64.49933333333334,104.85,5.0,6,1,1
f5cc0c0b,13,217.99,16.76846153846154,26.71,9.66,6,1,1
f6014b63,14,320.73,22.909285714285716,39.44,16.41,7,1,1
f60b2a09,13,637.15,49.01153846153846,68.01,23.25,7,1,1
f61db58a,3,137.12,45.70666666666667,58.5,25.55,2,-1,1
f62ddbd5,10,728.98,72.898,96.44,35.93,6,1,1
f673631c,12,604.98,50.415,79.6,11.32,4,1,1
f6ca4e93,7,454.46,64.92285714285714,75.7,47.48,4,1,1
f6f007cc,8,128.52,16.065,27.71,8.32,5,1,1
f7396573,9,127.06,14.117777777777778,17.01,8.19,6,1,1
f7a56e1f,11,462.65999999999997,42.059999999999995,69.89,14.09,7,1,1
f81829fa,15,1031.87,68.79133333333333,98.87,24.91,7,1,1
f8748880,8,143.34,17.9175,26.12,11.17,5,1,1
f87cfbd3,6,105.57000000000001,17.595000000000002,27.53,14.58,4,1,1
f8898103,10,173.21,17.321,21.62,11.05,6,1,1
f8ce1bdc,14,339.88,24.277142857142856,48.59,8.89,7,1,1
f983c12c,14,417.9,29.849999999999998,42.97,5.48,6,1,1
fa3c0d2c,11,177.64,16.14909090909091,21.69,9.15,5,1,1
fa6ab058,7,307.83,43.97571428571428,66.31,22.49,3,1,1
fa86801a,10,145.79,14.578999999999999,21.65,5.0,5,1,1
fa9a1df9,12,267.53,22.294166666666666,30.12,11.51,7,1,1
fab8fdb7,12,191.29,15.940833333333332,26.04,8.76,5,1,1
fac12507,12,499.29,41.6075,72.5,5.0,6,1,1
fb080f97,8,679.71,84.96375,141.61,14.97,6,1,1
fb2d6d59,9,238.7,26.522222222222222,43.96,11.15,7,1,1
fb581a7c,14,367.8,26.271428571428572,43.44,7.69,5,1,1
fc9dd92e,9,428.01,47.556666666666665,73.14,28.28,5,1,1
fcd16b0d,12,955.22,79.60166666666667,124.68,42.86,4,1,1
fd4b985e,3,160.11,53.370000000000005,85.31,33.69,3,1,1
fddb3e4a,12,424.11,35.3425,65.04,16.59,5,1,1
fe3904e7,10,268.67,26.867,44.25,10.96,6,1,1
fec43f9e,12,826.17,68.8475,115.31,22.0,4,1,1
ff993f27,10,455.34000000000003,45.534000000000006,84.29,22.58,7,1,1
ffa2e2c1,8,181.13,22.64125,34.51,10.8,4,1,1
ffc39701,12,307.5,25.625,36.03,12.53,5,1,1
